[
  {
    "id": "session_1768963714189",
    "phoneNumber": "5511965525479",
    "state": "connected",
    "messageCount": 0,
    "lastActive": "20/01/2026, 23:48:58"
  },
  {
    "id": "session_1768964452883",
    "phoneNumber": "5511965525479",
    "state": "connected",
    "messageCount": 0,
    "lastActive": "21/01/2026, 00:01:23"
  },
  {
    "id": "session_1768964667456",
    "phoneNumber": "5511965525479",
    "state": "connected",
    "messageCount": 0,
    "lastActive": "21/01/2026, 13:31:47"
  }
]